{"cameraMode":{"drawMode":0,"name":"Shaded","section":"Shading Mode"},"sceneLighting":true,"audioPlay":false,"sceneViewState":{"m_AlwaysRefresh":false,"showFog":true,"showSkybox":true,"showFlares":true,"showImageEffects":true,"showParticleSystems":true,"showVisualEffectGraphs":true,"m_FxEnabled":true},"in2DMode":false,"pivot":{"x":321.6187744140625,"y":398.6422424316406,"z":0.07168681919574738},"rotation":{"x":0.13251414895057679,"y":-0.6084126234054565,"z":0.11678149551153183,"w":0.7737219333648682},"size":501.6465759277344,"orthographic":false}